movie_id,person_id,role_type
398,491,Director
873,151,Writer
481,311,Writer
681,264,Director
592,398,Director
684,230,Actor
842,122,Writer
814,237,Director
567,397,Director
695,140,Producer
455,487,Actor
173,203,Producer
122,140,Producer
17,78,Producer
985,204,Writer
798,62,Actor
44,423,Actor
451,265,Producer
126,125,Actor
450,279,Producer
766,404,Writer
940,176,Producer
61,35,Producer
665,283,Actor
629,482,Producer
361,445,Director
433,356,Writer
984,54,Producer
35,386,Director
419,46,Director
179,235,Actor
177,15,Writer
199,405,Producer
770,227,Writer
298,236,Writer
534,185,Producer
822,269,Writer
598,191,Writer
859,247,Actor
685,98,Producer
877,242,Producer
331,281,Producer
446,234,Writer
192,497,Writer
384,424,Director
397,150,Actor
146,221,Actor
645,132,Producer
666,144,Producer
931,374,Producer
795,183,Actor
253,92,Actor
135,214,Actor
391,382,Producer
521,77,Actor
148,230,Director
757,210,Producer
11,169,Actor
779,29,Actor
987,405,Producer
572,492,Writer
436,397,Writer
785,411,Producer
740,256,Director
67,109,Writer
45,233,Director
820,255,Producer
195,453,Producer
821,393,Writer
303,311,Director
652,126,Actor
788,183,Writer
794,436,Director
542,208,Producer
700,431,Producer
44,339,Producer
249,471,Writer
398,160,Producer
123,451,Producer
650,460,Director
180,104,Writer
640,392,Actor
227,426,Director
127,145,Director
380,75,Producer
393,297,Producer
569,33,Writer
843,36,Producer
775,369,Producer
501,91,Actor
320,223,Director
136,429,Actor
343,393,Actor
967,275,Actor
604,89,Actor
925,339,Writer
823,38,Writer
371,299,Actor
226,74,Producer
330,166,Actor
396,73,Actor
124,72,Director
594,360,Actor
433,60,Writer
302,385,Writer
188,149,Actor
659,446,Director
820,488,Director
687,260,Writer
379,499,Director
282,429,Writer
431,338,Producer
484,494,Producer
761,490,Writer
379,334,Producer
519,123,Writer
255,148,Actor
505,304,Actor
736,292,Writer
919,2,Director
507,432,Director
839,207,Writer
80,18,Director
119,345,Writer
261,414,Director
366,355,Writer
489,381,Writer
209,392,Director
390,94,Actor
25,217,Director
823,327,Producer
288,81,Producer
705,224,Producer
249,153,Writer
626,496,Actor
511,348,Producer
60,372,Producer
455,38,Writer
903,8,Actor
720,60,Director
625,278,Producer
518,166,Writer
607,326,Director
869,204,Actor
675,93,Writer
270,222,Producer
354,444,Director
176,480,Actor
655,264,Producer
886,253,Writer
316,115,Director
234,126,Actor
358,497,Producer
594,474,Producer
192,177,Actor
614,182,Actor
991,21,Producer
486,55,Producer
421,484,Actor
388,13,Writer
477,262,Writer
13,150,Director
756,336,Producer
714,210,Producer
759,160,Writer
168,126,Actor
378,401,Writer
930,497,Director
944,104,Director
229,486,Writer
700,398,Actor
696,168,Director
738,383,Actor
427,115,Actor
461,40,Producer
608,373,Writer
560,107,Writer
329,172,Writer
383,123,Writer
226,312,Actor
173,273,Writer
564,17,Writer
32,16,Writer
852,209,Producer
575,214,Producer
193,28,Writer
42,430,Actor
432,445,Producer
337,143,Actor
356,377,Producer
506,103,Producer
371,406,Actor
56,314,Actor
11,405,Director
299,331,Writer
585,205,Producer
958,292,Writer
130,148,Actor
254,229,Producer
667,70,Director
630,115,Writer
248,385,Director
70,273,Producer
129,22,Actor
423,471,Producer
978,6,Director
316,339,Actor
870,94,Producer
435,424,Actor
787,366,Producer
641,459,Director
696,465,Producer
302,447,Writer
608,192,Producer
887,285,Actor
897,176,Actor
574,467,Actor
383,431,Actor
891,428,Actor
78,112,Director
913,332,Director
9,444,Writer
555,377,Producer
39,213,Actor
521,443,Director
523,15,Writer
267,191,Writer
794,478,Producer
649,449,Producer
483,209,Actor
137,30,Actor
648,149,Director
438,249,Writer
965,92,Writer
197,148,Actor
783,243,Producer
357,403,Director
858,125,Director
418,344,Actor
845,267,Director
348,410,Producer
462,337,Writer
513,296,Producer
786,316,Actor
963,410,Director
14,45,Actor
249,102,Actor
667,15,Producer
391,269,Producer
52,337,Actor
127,206,Writer
272,467,Producer
170,170,Director
491,411,Director
800,78,Actor
837,322,Actor
258,391,Actor
323,129,Director
583,85,Producer
642,480,Actor
995,376,Actor
845,53,Producer
134,41,Director
965,295,Director
640,248,Actor
747,453,Actor
139,320,Actor
338,28,Director
403,486,Producer
687,139,Actor
69,374,Actor
200,231,Writer
987,241,Director
178,419,Producer
746,461,Producer
910,155,Producer
259,129,Writer
900,183,Producer
801,115,Writer
424,433,Actor
549,296,Director
98,9,Director
282,247,Producer
128,484,Actor
396,364,Actor
436,198,Director
586,363,Producer
43,11,Writer
539,482,Director
869,167,Director
129,6,Writer
788,252,Producer
18,228,Producer
239,112,Writer
134,323,Writer
199,156,Director
952,198,Writer
326,320,Producer
861,136,Writer
261,472,Writer
489,175,Producer
876,143,Producer
111,248,Actor
755,441,Producer
688,52,Director
195,28,Writer
340,440,Director
837,457,Actor
629,33,Director
117,348,Writer
442,330,Writer
520,371,Director
891,153,Producer
762,196,Director
705,415,Director
998,141,Producer
419,154,Actor
132,291,Actor
709,391,Writer
521,258,Producer
968,311,Producer
228,393,Writer
559,183,Actor
600,486,Actor
407,273,Actor
458,495,Actor
82,307,Actor
373,244,Actor
488,233,Actor
244,311,Actor
651,469,Writer
85,29,Director
715,480,Producer
542,39,Director
478,16,Actor
561,36,Producer
360,264,Producer
357,213,Producer
148,189,Director
19,230,Producer
904,106,Actor
933,250,Producer
235,71,Actor
895,397,Director
183,405,Actor
777,389,Director
793,133,Director
41,169,Writer
516,412,Director
617,97,Actor
151,59,Director
153,427,Actor
718,260,Producer
911,312,Producer
39,340,Writer
533,37,Actor
350,356,Producer
90,168,Actor
624,357,Producer
535,486,Actor
816,393,Actor
100,296,Actor
92,227,Director
422,416,Writer
984,122,Director
881,289,Writer
908,475,Producer
355,118,Writer
715,250,Writer
261,434,Actor
578,60,Producer
431,166,Director
362,232,Producer
558,353,Writer
930,484,Writer
725,88,Director
333,42,Director
595,273,Director
97,54,Director
134,370,Actor
621,267,Writer
228,226,Producer
686,402,Producer
767,469,Producer
663,147,Actor
535,483,Director
361,119,Producer
492,83,Actor
388,52,Director
636,295,Director
898,60,Director
553,127,Producer
877,354,Director
282,67,Producer
949,189,Director
29,424,Writer
409,410,Director
119,190,Producer
710,296,Writer
642,347,Producer
547,323,Director
12,71,Producer
475,124,Producer
596,3,Producer
255,341,Actor
624,243,Actor
948,485,Actor
319,402,Actor
103,44,Director
107,91,Actor
280,74,Producer
125,259,Writer
967,363,Actor
886,345,Writer
90,479,Actor
12,97,Writer
246,276,Director
370,460,Producer
984,414,Actor
481,226,Producer
970,98,Director
736,73,Actor
104,69,Writer
24,216,Producer
345,53,Producer
252,453,Producer
880,391,Director
597,289,Writer
789,316,Producer
750,176,Writer
381,199,Director
342,365,Actor
41,141,Producer
696,324,Writer
642,118,Director
620,466,Actor
997,427,Actor
284,155,Director
740,412,Director
564,50,Actor
193,152,Director
410,78,Writer
327,204,Actor
325,393,Writer
858,77,Producer
781,219,Producer
553,200,Director
219,330,Director
401,191,Director
394,325,Director
525,428,Producer
890,481,Producer
663,307,Actor
278,76,Actor
738,480,Writer
649,306,Writer
458,320,Producer
568,111,Director
185,132,Director
274,9,Producer
547,489,Writer
758,73,Producer
310,265,Director
932,365,Writer
971,51,Actor
517,307,Writer
169,455,Actor
188,376,Actor
266,294,Director
142,61,Actor
849,130,Director
805,186,Writer
51,74,Writer
214,485,Writer
898,344,Actor
853,295,Producer
303,396,Producer
341,43,Actor
404,487,Producer
20,375,Producer
474,487,Writer
42,36,Producer
217,67,Writer
125,131,Producer
137,400,Writer
681,170,Actor
998,215,Actor
463,1,Actor
687,414,Actor
717,224,Writer
225,226,Director
692,233,Actor
970,227,Writer
706,414,Writer
10,28,Writer
90,352,Director
423,169,Director
936,239,Producer
268,124,Director
413,404,Director
880,103,Director
973,196,Writer
472,416,Director
185,464,Actor
361,35,Writer
799,78,Producer
20,404,Writer
907,420,Producer
989,422,Actor
592,28,Producer
292,142,Writer
150,451,Producer
558,344,Writer
445,28,Producer
584,369,Director
660,455,Producer
512,496,Writer
295,207,Actor
661,25,Producer
568,135,Writer
236,24,Producer
423,55,Actor
490,331,Producer
670,320,Writer
267,113,Writer
600,228,Actor
760,207,Writer
344,266,Writer
871,93,Producer
363,268,Producer
253,216,Actor
596,199,Producer
462,157,Writer
983,442,Director
413,380,Director
207,341,Writer
980,348,Writer
730,413,Producer
381,306,Writer
12,255,Actor
692,432,Writer
503,105,Director
215,421,Writer
915,275,Producer
33,249,Director
409,222,Writer
895,409,Director
145,30,Director
160,184,Writer
86,117,Producer
34,434,Producer
358,159,Director
460,151,Producer
385,419,Writer
335,394,Director
189,119,Producer
722,441,Actor
621,58,Actor
378,136,Producer
702,432,Writer
37,52,Actor
321,6,Producer
130,66,Producer
100,253,Writer
528,56,Writer
695,484,Producer
89,15,Director
43,421,Producer
84,25,Writer
878,182,Director
768,314,Writer
689,207,Producer
658,264,Director
161,135,Producer
474,202,Actor
506,124,Actor
252,492,Director
399,400,Producer
487,99,Actor
219,471,Producer
833,226,Director
745,259,Writer
727,258,Actor
186,30,Director
410,29,Director
292,185,Director
130,192,Writer
616,316,Director
237,428,Director
86,393,Director
114,291,Actor
470,362,Director
742,368,Producer
175,280,Producer
408,188,Director
91,450,Actor
825,258,Actor
840,19,Actor
333,267,Director
192,344,Producer
869,242,Actor
205,272,Actor
329,32,Writer
676,58,Producer
477,89,Writer
22,181,Actor
755,51,Actor
906,360,Director
553,186,Director
41,327,Director
879,124,Actor
614,18,Producer
955,264,Producer
999,428,Actor
653,115,Director
888,288,Producer
36,388,Actor
225,341,Producer
192,205,Director
809,481,Director
803,344,Producer
702,434,Actor
661,262,Writer
515,341,Writer
196,159,Producer
489,428,Director
202,108,Director
434,379,Actor
914,58,Producer
835,457,Writer
244,34,Director
770,193,Producer
985,19,Writer
69,130,Writer
612,212,Actor
764,311,Producer
890,69,Producer
337,36,Producer
572,465,Actor
981,189,Director
972,12,Producer
95,86,Actor
251,493,Director
843,360,Actor
316,217,Producer
466,101,Director
256,444,Actor
394,30,Actor
98,457,Writer
511,433,Actor
486,467,Writer
298,303,Actor
394,186,Director
774,263,Writer
81,278,Producer
839,377,Director
973,85,Producer
172,92,Producer
859,218,Writer
195,103,Director
942,228,Actor
133,282,Actor
584,90,Producer
886,487,Director
376,291,Actor
92,402,Writer
113,82,Writer
459,320,Producer
696,209,Producer
451,26,Actor
472,98,Director
9,435,Director
975,174,Producer
413,485,Actor
243,99,Actor
916,393,Director
180,306,Actor
315,400,Writer
34,436,Producer
825,213,Writer
588,465,Actor
41,448,Writer
381,206,Writer
763,61,Producer
475,257,Actor
234,308,Producer
247,229,Actor
558,297,Actor
507,427,Producer
575,469,Actor
826,111,Producer
728,324,Director
947,99,Actor
50,466,Writer
765,10,Director
526,157,Producer
164,489,Writer
65,498,Writer
327,130,Actor
136,200,Producer
797,315,Actor
150,354,Director
636,121,Writer
524,75,Writer
987,492,Actor
861,202,Writer
570,33,Director
369,49,Actor
775,494,Director
986,4,Writer
670,116,Producer
530,345,Writer
499,52,Producer
256,126,Producer
587,55,Actor
693,214,Actor
102,197,Actor
74,488,Actor
378,126,Writer
475,432,Producer
288,495,Producer
278,429,Producer
77,156,Director
759,317,Producer
742,302,Director
877,204,Director
120,430,Actor
41,452,Director
782,296,Writer
652,211,Actor
55,255,Writer
219,217,Director
151,402,Producer
435,365,Writer
130,111,Director
380,224,Actor
615,209,Writer
272,272,Director
506,53,Writer
535,402,Actor
155,164,Writer
692,441,Actor
583,226,Producer
464,493,Producer
487,34,Director
139,447,Director
142,93,Writer
199,118,Writer
601,304,Writer
139,437,Director
813,25,Actor
545,74,Producer
224,191,Actor
361,393,Producer
116,367,Writer
20,338,Writer
324,23,Director
37,326,Producer
574,165,Director
380,375,Producer
417,127,Director
108,150,Writer
86,476,Producer
292,200,Director
629,203,Actor
897,228,Director
426,392,Director
697,393,Producer
391,410,Actor
72,47,Writer
200,305,Director
90,286,Writer
984,300,Producer
923,419,Director
980,91,Director
744,62,Actor
505,116,Producer
835,294,Actor
188,392,Director
711,56,Producer
971,250,Producer
95,198,Actor
871,242,Producer
934,38,Director
18,18,Director
659,1,Director
535,264,Writer
299,497,Writer
218,268,Director
520,449,Producer
955,316,Producer
975,349,Writer
572,227,Actor
668,401,Writer
430,70,Producer
507,121,Writer
141,406,Director
183,175,Actor
936,72,Producer
387,228,Writer
535,277,Actor
332,5,Director
534,415,Director
291,348,Writer
643,286,Actor
820,118,Director
43,461,Writer
609,301,Producer
502,425,Producer
816,157,Producer
91,481,Director
765,425,Producer
26,310,Producer
836,266,Director
970,376,Writer
954,303,Director
748,403,Producer
946,361,Producer
633,457,Actor
862,448,Director
373,304,Producer
180,319,Writer
350,400,Actor
811,44,Producer
884,475,Director
284,487,Producer
304,370,Director
692,432,Director
847,47,Actor
381,423,Writer
421,70,Writer
915,112,Actor
151,83,Producer
694,159,Actor
977,83,Writer
580,416,Actor
768,179,Producer
117,489,Director
339,45,Producer
577,123,Director
804,259,Producer
683,214,Director
891,11,Producer
566,368,Actor
491,480,Actor
597,132,Actor
519,490,Director
474,181,Director
212,76,Writer
898,127,Director
857,221,Director
750,4,Writer
198,496,Writer
30,112,Producer
869,195,Writer
865,407,Writer
933,458,Director
668,440,Actor
350,401,Director
639,477,Director
696,229,Producer
493,490,Director
448,396,Writer
842,493,Writer
591,423,Director
723,466,Writer
949,214,Actor
460,339,Writer
227,337,Writer
607,426,Actor
524,433,Actor
570,362,Actor
616,5,Producer
524,271,Writer
854,250,Writer
218,447,Writer
494,105,Actor
512,154,Producer
775,104,Writer
939,408,Producer
67,43,Director
243,468,Producer
932,116,Director
955,469,Writer
617,355,Actor
748,91,Producer
288,420,Writer
431,458,Producer
647,357,Director
559,495,Writer
682,98,Director
189,236,Writer
80,410,Producer
947,192,Actor
440,267,Actor
250,117,Director
36,404,Actor
427,308,Director
151,33,Director
371,372,Writer
141,6,Director
45,2,Actor
712,111,Actor
434,112,Actor
612,329,Director
214,352,Actor
415,116,Writer
422,19,Actor
111,89,Producer
372,414,Writer
718,209,Writer
965,205,Writer
415,153,Director
822,499,Producer
201,142,Director
520,82,Writer
268,272,Producer
955,392,Writer
965,363,Director
951,341,Writer
32,399,Actor
482,321,Producer
410,335,Director
894,273,Writer
396,294,Writer
97,90,Director
393,398,Writer
250,304,Actor
129,225,Director
143,170,Director
482,115,Writer
803,271,Director
91,472,Director
8,277,Actor
518,274,Actor
406,327,Director
759,313,Director
876,210,Actor
628,210,Writer
424,385,Director
932,471,Actor
687,199,Actor
77,320,Writer
843,276,Producer
973,60,Director
941,383,Actor
244,160,Writer
199,127,Producer
877,389,Actor
383,428,Director
735,150,Writer
324,160,Director
752,42,Producer
567,455,Director
356,455,Writer
199,435,Producer
806,21,Writer
823,172,Producer
353,73,Producer
971,300,Director
348,310,Actor
784,378,Writer
941,443,Writer
792,366,Actor
561,172,Writer
436,315,Director
793,495,Producer
346,271,Writer
278,177,Writer
848,26,Writer
940,328,Director
211,2,Writer
817,201,Director
822,100,Producer
203,210,Producer
64,280,Director
558,3,Producer
1,121,Writer
671,429,Director
227,405,Actor
718,127,Actor
109,52,Producer
760,267,Producer
117,193,Actor
381,204,Writer
180,256,Producer
586,44,Actor
387,241,Producer
574,134,Actor
924,71,Actor
778,196,Producer
170,110,Director
794,252,Actor
278,392,Actor
31,279,Writer
672,370,Producer
164,181,Producer
199,104,Director
72,62,Writer
495,307,Actor
797,120,Actor
712,270,Writer
966,183,Writer
757,229,Director
446,417,Actor
119,110,Writer
89,133,Actor
682,376,Producer
696,134,Writer
37,110,Writer
348,429,Actor
160,493,Director
163,343,Director
461,271,Writer
907,111,Writer
647,226,Actor
112,317,Director
751,437,Producer
375,181,Writer
632,313,Director
252,67,Writer
394,350,Writer
859,336,Producer
70,270,Actor
955,21,Writer
647,450,Writer
300,49,Actor
914,276,Director
589,380,Writer
909,146,Director
782,361,Director
890,52,Actor
400,83,Producer
530,273,Director
190,334,Producer
688,269,Director
108,27,Producer
957,6,Producer
94,163,Writer
525,227,Director
550,402,Actor
817,290,Actor
151,164,Actor
758,406,Director
275,364,Director
72,68,Producer
465,63,Director
804,242,Producer
392,41,Producer
825,477,Writer
866,312,Actor
158,288,Producer
6,461,Director
1000,472,Actor
382,144,Director
235,321,Director
3,346,Actor
152,400,Actor
92,301,Director
792,499,Director
524,304,Director
675,43,Director
548,220,Producer
467,404,Director
48,32,Actor
499,199,Actor
512,454,Director
805,275,Writer
167,392,Actor
832,337,Actor
338,211,Producer
387,494,Writer
329,177,Writer
238,147,Producer
947,9,Writer
422,34,Actor
662,162,Actor
725,354,Producer
783,450,Actor
112,401,Director
959,123,Director
75,241,Director
91,138,Producer
125,253,Actor
290,488,Writer
734,452,Actor
951,192,Director
36,151,Actor
757,87,Director
774,329,Director
524,494,Director
270,392,Actor
612,174,Director
697,167,Producer
918,402,Producer
335,221,Writer
864,196,Producer
447,273,Director
427,166,Actor
350,326,Actor
244,254,Director
855,471,Writer
528,392,Director
295,184,Writer
268,60,Writer
980,104,Director
110,179,Actor
481,396,Producer
142,81,Producer
223,493,Producer
421,15,Director
948,132,Writer
178,428,Actor
350,17,Actor
953,27,Producer
26,367,Producer
805,431,Producer
402,468,Producer
931,35,Director
240,413,Director
906,397,Actor
114,280,Writer
658,274,Actor
641,227,Actor
429,219,Writer
771,364,Writer
813,446,Writer
546,494,Actor
746,142,Producer
582,254,Director
474,15,Producer
662,320,Producer
468,25,Actor
605,265,Director
872,29,Director
347,230,Director
983,467,Producer
578,269,Writer
779,331,Producer
785,75,Actor
620,336,Director
37,245,Producer
501,400,Director
742,283,Writer
403,492,Director
928,134,Director
466,75,Director
484,138,Writer
907,291,Producer
344,113,Producer
334,410,Producer
241,152,Director
139,380,Writer
743,183,Director
542,51,Producer
640,445,Writer
898,477,Producer
547,138,Actor
413,432,Director
466,279,Writer
739,348,Actor
859,299,Writer
819,228,Director
261,423,Producer
69,9,Producer
499,210,Director
215,337,Director
278,282,Producer
284,93,Writer
921,22,Writer
388,388,Director
558,492,Writer
673,172,Actor
347,47,Director
122,401,Actor
151,19,Writer
550,35,Actor
181,409,Actor
703,453,Producer
260,62,Writer
933,195,Writer
886,301,Writer
885,468,Writer
605,273,Producer
385,44,Producer
874,476,Actor
451,469,Actor
132,80,Writer
914,448,Producer
174,475,Writer
7,65,Director
573,489,Writer
769,72,Writer
733,490,Writer
57,144,Producer
13,406,Writer
759,256,Writer
90,491,Actor
152,156,Director
28,475,Writer
692,453,Producer
838,416,Writer
905,185,Writer
997,396,Actor
27,283,Director
443,48,Actor
101,19,Actor
438,430,Producer
415,341,Director
428,173,Writer
504,88,Writer
756,44,Director
852,132,Producer
597,130,Producer
605,217,Producer
792,18,Actor
232,282,Actor
324,99,Director
909,363,Director
164,452,Director
944,307,Producer
301,387,Producer
760,478,Writer
650,7,Actor
661,305,Writer
498,299,Writer
621,205,Director
112,472,Director
848,4,Writer
502,457,Actor
755,18,Producer
181,407,Actor
751,95,Producer
735,157,Writer
696,87,Writer
891,253,Director
78,194,Producer
765,37,Actor
703,83,Director
274,124,Director
381,405,Director
719,466,Producer
193,241,Writer
417,95,Actor
497,102,Actor
288,230,Director
715,67,Producer
891,175,Producer
102,403,Writer
720,51,Actor
887,397,Director
118,458,Producer
388,345,Producer
690,401,Producer
376,187,Producer
398,11,Director
233,261,Actor
291,153,Writer
373,463,Director
686,432,Writer
776,138,Actor
110,217,Director
880,10,Actor
807,398,Producer
304,206,Producer
501,156,Director
226,121,Actor
758,290,Actor
443,435,Director
879,89,Producer
257,434,Writer
844,33,Director
671,28,Actor
48,352,Writer
30,251,Producer
615,413,Producer
16,443,Producer
553,97,Director
255,297,Actor
974,389,Producer
725,231,Producer
896,189,Writer
792,170,Producer
235,141,Producer
577,229,Actor
356,117,Actor
114,123,Actor
523,414,Writer
601,410,Writer
973,133,Actor
592,226,Actor
221,326,Producer
275,165,Writer
234,50,Director
975,352,Director
19,255,Writer
671,426,Writer
268,429,Director
545,189,Actor
582,18,Writer
102,385,Writer
298,47,Writer
250,482,Director
947,211,Producer
56,176,Producer
821,316,Writer
983,10,Writer
208,66,Director
810,437,Director
697,449,Director
804,321,Actor
401,30,Actor
146,135,Writer
4,439,Director
349,63,Actor
251,191,Producer
435,201,Actor
404,457,Actor
451,73,Writer
232,450,Writer
569,388,Actor
398,62,Actor
732,39,Actor
880,225,Writer
812,447,Actor
106,209,Director
793,329,Actor
576,157,Director
895,421,Actor
386,402,Director
934,139,Producer
846,458,Director
6,361,Actor
816,416,Director
600,38,Director
740,45,Writer
81,111,Actor
28,389,Producer
878,67,Director
893,459,Director
867,467,Director
450,40,Actor
255,374,Director
935,407,Actor
725,95,Writer
681,289,Writer
756,150,Director
387,366,Actor
505,77,Actor
583,76,Producer
769,46,Director
945,364,Producer
238,211,Producer
291,393,Actor
35,261,Producer
945,373,Actor
190,189,Director
400,360,Writer
193,355,Producer
386,300,Writer
770,63,Producer
963,260,Director
315,113,Director
42,154,Actor
739,49,Writer
160,392,Actor
656,156,Director
365,284,Producer
633,53,Producer
305,190,Producer
693,94,Writer
322,215,Producer
37,438,Producer
437,410,Director
435,173,Writer
588,263,Director
834,10,Producer
728,215,Actor
130,491,Producer
130,8,Producer
413,272,Writer
322,263,Actor
271,381,Writer
234,457,Director
486,271,Producer
115,424,Director
685,225,Producer
853,443,Actor
979,458,Producer
336,322,Producer
455,190,Director
252,215,Director
669,48,Producer
979,169,Producer
673,403,Actor
600,236,Producer
435,131,Actor
369,301,Director
764,274,Actor
851,433,Producer
261,69,Director
933,113,Actor
985,70,Director
259,321,Actor
348,170,Producer
602,134,Producer
139,436,Actor
779,330,Director
519,358,Actor
346,114,Writer
879,213,Producer
324,266,Director
275,358,Actor
802,376,Director
650,32,Director
130,25,Producer
455,411,Director
108,242,Producer
675,23,Actor
288,206,Writer
766,76,Producer
271,273,Director
524,185,Producer
191,35,Writer
623,352,Director
845,282,Actor
299,393,Producer
712,496,Director
743,388,Writer
853,481,Director
539,221,Director
183,360,Actor
209,107,Director
715,401,Director
200,8,Producer
123,35,Actor
288,397,Writer
778,233,Producer
931,254,Actor
375,260,Director
92,441,Actor
992,408,Actor
644,497,Writer
510,492,Director
754,39,Writer
634,112,Actor
475,358,Writer
500,298,Producer
807,70,Director
171,58,Actor
18,12,Writer
32,157,Producer
709,230,Director
485,483,Producer
668,32,Producer
295,177,Director
845,265,Producer
726,259,Writer
155,446,Actor
53,10,Director
265,428,Director
475,272,Writer
819,51,Producer
977,179,Producer
652,15,Writer
780,138,Writer
611,294,Writer
632,125,Writer
476,304,Producer
286,407,Producer
667,165,Writer
811,329,Writer
352,233,Producer
314,289,Director
949,465,Producer
230,97,Writer
232,291,Actor
518,146,Writer
991,137,Director
757,368,Producer
129,14,Actor
299,425,Director
21,338,Writer
716,122,Producer
524,213,Director
376,446,Producer
229,63,Director
174,453,Writer
982,189,Actor
934,365,Director
179,262,Actor
848,157,Writer
460,443,Director
487,162,Actor
941,295,Producer
910,302,Producer
137,314,Writer
258,65,Director
157,282,Writer
829,404,Writer
547,200,Actor
86,317,Writer
965,52,Writer
645,460,Writer
940,112,Actor
562,433,Writer
311,28,Actor
468,243,Producer
889,216,Producer
481,439,Actor
812,358,Producer
581,119,Writer
958,44,Producer
775,173,Writer
709,494,Director
641,73,Actor
211,451,Actor
713,187,Director
977,190,Writer
679,40,Producer
393,417,Director
308,324,Actor
464,186,Director
851,173,Writer
623,72,Producer
718,412,Actor
484,421,Writer
804,205,Producer
940,492,Writer
889,336,Actor
963,120,Actor
154,279,Actor
111,324,Producer
779,456,Producer
683,403,Writer
796,289,Director
552,229,Producer
747,460,Writer
375,79,Director
11,187,Producer
780,454,Producer
426,455,Director
347,351,Director
332,17,Producer
33,244,Producer
5,279,Actor
277,215,Writer
30,98,Writer
417,451,Writer
586,251,Producer
513,429,Producer
541,293,Actor
327,32,Actor
563,451,Actor
353,390,Producer
193,372,Director
735,473,Director
48,442,Actor
417,116,Actor
771,487,Writer
223,64,Director
706,330,Producer
914,275,Actor
104,61,Producer
786,436,Director
728,330,Actor
736,79,Writer
856,181,Director
713,476,Producer
652,73,Producer
283,162,Producer
187,248,Actor
487,500,Actor
837,280,Writer
675,133,Writer
666,91,Producer
522,447,Actor
458,409,Writer
764,221,Producer
820,224,Producer
3,62,Writer
461,370,Actor
982,338,Actor
661,456,Writer
674,447,Actor
54,404,Producer
373,94,Writer
794,304,Actor
522,266,Director
364,312,Actor
148,361,Writer
695,62,Producer
977,284,Producer
856,468,Actor
993,285,Actor
363,26,Producer
336,401,Actor
47,302,Producer
229,174,Producer
689,456,Actor
866,42,Director
619,352,Producer
574,431,Director
136,278,Writer
911,304,Writer
141,288,Producer
281,118,Producer
45,242,Writer
561,356,Writer
298,438,Writer
284,207,Actor
829,211,Writer
167,59,Actor
500,250,Writer
740,17,Actor
166,453,Actor
10,484,Actor
592,166,Actor
308,347,Writer
205,390,Actor
478,137,Director
443,66,Actor
13,488,Director
665,404,Actor
617,369,Actor
951,131,Director
785,482,Writer
262,61,Writer
661,94,Producer
256,26,Producer
277,227,Director
412,108,Actor
844,445,Actor
328,1,Director
869,479,Director
211,414,Director
495,147,Writer
447,123,Writer
82,477,Producer
20,314,Writer
204,188,Actor
645,346,Producer
663,407,Director
619,53,Actor
724,87,Writer
137,229,Producer
343,19,Writer
742,423,Actor
640,480,Producer
9,412,Actor
104,387,Actor
436,275,Producer
925,280,Actor
165,184,Producer
286,347,Director
845,342,Director
91,392,Director
17,465,Producer
178,206,Director
388,223,Director
195,435,Writer
379,316,Writer
749,210,Producer
302,61,Writer
531,342,Producer
769,199,Actor
72,155,Actor
66,37,Director
52,51,Director
248,209,Actor
739,497,Director
515,291,Producer
209,301,Producer
255,259,Actor
940,194,Writer
755,3,Actor
256,213,Director
615,37,Director
31,267,Producer
266,251,Producer
74,129,Writer
82,252,Producer
182,147,Director
615,341,Director
436,52,Writer
314,284,Director
965,82,Producer
198,458,Director
186,107,Director
543,293,Actor
164,147,Director
270,245,Actor
737,334,Producer
733,316,Producer
83,257,Producer
202,91,Director
599,256,Director
937,396,Director
136,299,Director
216,183,Producer
582,485,Actor
869,43,Actor
91,473,Producer
928,327,Producer
43,107,Actor
670,240,Writer
175,30,Writer
250,348,Writer
387,8,Writer
394,215,Producer
978,268,Writer
589,448,Director
401,89,Producer
848,329,Writer
853,494,Writer
637,160,Producer
204,401,Producer
848,370,Writer
828,102,Actor
270,296,Actor
266,428,Actor
785,260,Director
915,313,Producer
905,370,Director
704,422,Actor
174,350,Producer
699,344,Producer
710,66,Actor
888,305,Actor
383,487,Actor
176,186,Writer
978,265,Actor
609,216,Director
645,280,Director
63,463,Director
796,391,Writer
299,312,Director
520,440,Producer
122,20,Director
418,499,Writer
749,420,Actor
506,463,Director
208,173,Actor
425,296,Producer
78,172,Director
180,151,Writer
145,197,Actor
241,466,Director
901,265,Producer
413,426,Writer
147,214,Writer
119,34,Writer
154,315,Writer
891,321,Writer
861,374,Writer
331,235,Actor
812,94,Producer
25,339,Actor
221,323,Producer
658,220,Writer
733,330,Actor
39,9,Director
757,156,Actor
488,11,Writer
809,16,Producer
490,23,Director
158,163,Writer
342,203,Director
186,24,Actor
736,163,Producer
35,21,Writer
691,78,Writer
869,155,Writer
477,429,Director
239,257,Writer
54,27,Producer
943,45,Actor
813,165,Director
232,26,Writer
105,178,Writer
342,377,Writer
367,422,Producer
565,379,Writer
451,498,Director
494,11,Actor
845,250,Writer
962,374,Producer
320,239,Writer
556,331,Director
754,453,Producer
944,133,Actor
201,336,Actor
39,270,Director
961,248,Director
933,161,Writer
785,308,Director
267,408,Director
267,261,Actor
822,42,Actor
962,302,Producer
776,415,Producer
654,307,Director
814,163,Actor
619,145,Producer
836,61,Actor
400,76,Writer
839,236,Director
673,420,Director
857,423,Director
646,327,Producer
948,380,Director
648,14,Writer
759,56,Producer
926,80,Producer
391,415,Writer
114,239,Writer
531,85,Director
575,237,Director
515,484,Writer
970,51,Actor
159,63,Producer
943,491,Producer
765,470,Director
13,491,Director
95,282,Actor
683,379,Director
713,383,Actor
659,77,Actor
923,204,Actor
418,357,Writer
740,84,Producer
787,270,Writer
786,169,Writer
321,344,Writer
640,269,Producer
93,330,Director
816,392,Director
908,245,Writer
744,479,Actor
326,493,Director
915,91,Actor
410,287,Producer
38,321,Producer
281,291,Writer
209,120,Actor
780,172,Actor
724,465,Actor
63,57,Producer
168,342,Producer
924,159,Director
646,369,Producer
700,413,Writer
765,315,Producer
368,268,Writer
436,472,Producer
511,133,Director
663,455,Writer
223,210,Writer
130,250,Producer
993,410,Producer
201,144,Actor
154,455,Actor
657,275,Writer
81,335,Director
109,261,Writer
798,457,Writer
997,213,Actor
560,245,Director
478,489,Writer
884,239,Writer
60,98,Producer
976,150,Producer
371,153,Director
533,2,Actor
122,304,Actor
274,77,Director
795,142,Writer
197,494,Writer
333,322,Actor
922,353,Writer
445,255,Director
84,180,Actor
517,274,Writer
781,11,Director
574,40,Writer
826,271,Writer
936,421,Actor
421,241,Producer
560,183,Director
681,57,Producer
173,356,Writer
56,146,Writer
90,381,Producer
271,205,Director
713,18,Producer
444,29,Actor
279,87,Director
505,367,Director
493,491,Writer
789,42,Producer
435,387,Writer
676,150,Producer
930,187,Producer
962,73,Director
210,48,Actor
667,429,Writer
754,221,Writer
769,214,Writer
340,167,Writer
437,324,Producer
215,352,Writer
166,31,Actor
114,221,Writer
167,14,Director
284,455,Actor
885,266,Director
239,479,Actor
413,107,Director
417,98,Director
753,104,Producer
581,13,Producer
546,447,Actor
904,498,Writer
750,469,Actor
35,324,Writer
403,238,Writer
570,452,Actor
125,318,Actor
298,150,Actor
696,174,Actor
715,463,Writer
829,453,Actor
190,466,Actor
670,127,Writer
881,131,Director
65,437,Actor
939,228,Producer
119,342,Director
815,310,Producer
465,169,Producer
247,77,Writer
266,447,Writer
588,367,Director
703,225,Producer
318,25,Writer
996,368,Actor
734,340,Director
200,462,Director
161,253,Director
954,9,Actor
313,268,Writer
57,8,Director
822,54,Writer
269,404,Writer
802,316,Actor
406,68,Producer
299,100,Writer
784,116,Writer
74,178,Actor
346,314,Actor
552,284,Producer
537,466,Director
869,203,Writer
781,438,Writer
169,255,Producer
949,490,Director
434,242,Writer
251,1,Director
819,323,Writer
259,108,Producer
605,255,Producer
964,324,Writer
614,436,Producer
105,269,Producer
756,185,Writer
342,48,Actor
718,358,Actor
321,275,Actor
548,490,Director
408,329,Director
201,222,Writer
531,34,Director
883,319,Writer
264,152,Director
514,485,Writer
30,479,Writer
798,297,Director
300,87,Writer
449,464,Actor
603,41,Director
166,314,Writer
883,430,Writer
120,273,Director
769,264,Writer
287,115,Actor
292,8,Director
649,418,Producer
259,448,Writer
625,268,Director
951,173,Writer
