movie_id,title,release_year,duration_minutes,studio_id,genre_id,language,country
1,Movie_1,2018,157,12,18,Spanish,UK
2,Movie_2,2008,105,3,3,Korean,France
3,Movie_3,1994,141,45,1,English,Korea
4,Movie_4,2022,83,18,4,Hindi,UK
5,Movie_5,1987,168,40,6,Spanish,France
6,Movie_6,2000,121,21,9,Hindi,UK
7,Movie_7,2018,168,15,14,Hindi,Korea
8,Movie_8,1998,97,33,12,French,India
9,Movie_9,2002,119,35,20,French,Korea
10,Movie_10,1990,151,26,4,Spanish,USA
11,Movie_11,1990,118,8,12,Korean,UK
12,Movie_12,2003,93,36,10,Spanish,India
13,Movie_13,2015,111,48,7,Korean,UK
14,Movie_14,2019,130,30,3,Hindi,UK
15,Movie_15,2003,117,23,14,English,France
16,Movie_16,1982,176,42,10,Spanish,USA
17,Movie_17,2001,102,44,16,Spanish,UK
18,Movie_18,1981,142,14,16,Korean,Korea
19,Movie_19,2003,94,14,10,Hindi,Korea
20,Movie_20,2023,176,2,13,Hindi,France
21,Movie_21,2009,104,37,6,Korean,USA
22,Movie_22,2017,96,5,12,Hindi,USA
23,Movie_23,1981,176,38,9,French,Korea
24,Movie_24,2000,145,45,13,English,India
25,Movie_25,2012,157,41,4,Spanish,France
26,Movie_26,1991,132,47,11,English,France
27,Movie_27,2001,130,14,20,Spanish,Korea
28,Movie_28,2023,118,39,18,French,Korea
29,Movie_29,2004,130,25,11,Hindi,India
30,Movie_30,2006,149,20,4,Korean,India
31,Movie_31,2021,85,2,18,French,USA
32,Movie_32,2007,146,39,1,English,France
33,Movie_33,1995,86,6,7,Korean,France
34,Movie_34,1994,130,17,6,Hindi,Korea
35,Movie_35,2023,151,25,15,French,USA
36,Movie_36,1982,121,28,18,Korean,France
37,Movie_37,2016,143,2,11,French,USA
38,Movie_38,1986,94,35,20,French,USA
39,Movie_39,2000,108,37,15,Hindi,Korea
40,Movie_40,1988,112,5,16,Spanish,USA
41,Movie_41,2018,173,1,7,Korean,India
42,Movie_42,1997,106,40,10,Hindi,India
43,Movie_43,1983,115,12,12,French,UK
44,Movie_44,2004,108,36,14,Hindi,Korea
45,Movie_45,1993,117,45,5,Spanish,UK
46,Movie_46,1988,136,23,18,Korean,India
47,Movie_47,2005,176,47,5,Spanish,UK
48,Movie_48,1981,106,31,3,English,Korea
49,Movie_49,1999,134,11,5,Korean,Korea
50,Movie_50,2007,112,10,17,Spanish,USA
51,Movie_51,1986,147,3,19,French,France
52,Movie_52,2023,165,14,19,Korean,USA
53,Movie_53,1987,145,16,12,Korean,Korea
54,Movie_54,2014,89,10,9,Hindi,India
55,Movie_55,1993,84,29,1,French,India
56,Movie_56,1996,153,10,18,English,USA
57,Movie_57,2015,176,12,4,Spanish,Korea
58,Movie_58,2019,117,30,10,Hindi,India
59,Movie_59,1983,92,41,7,Spanish,Korea
60,Movie_60,1981,110,1,1,English,India
61,Movie_61,1985,126,5,17,English,Korea
62,Movie_62,2021,179,20,2,Korean,UK
63,Movie_63,1983,167,8,11,English,Korea
64,Movie_64,2008,131,43,9,Spanish,Korea
65,Movie_65,1997,135,12,7,French,USA
66,Movie_66,2005,94,1,17,French,UK
67,Movie_67,2023,108,20,17,Korean,France
68,Movie_68,2013,87,28,2,Spanish,USA
69,Movie_69,1989,84,43,6,Spanish,France
70,Movie_70,2015,108,37,14,English,India
71,Movie_71,1993,126,47,6,Spanish,France
72,Movie_72,2010,147,37,2,Hindi,Korea
73,Movie_73,1994,155,12,1,English,France
74,Movie_74,1987,124,37,10,Hindi,USA
75,Movie_75,1993,81,49,5,Korean,USA
76,Movie_76,2002,106,49,2,French,France
77,Movie_77,2019,174,44,16,Korean,USA
78,Movie_78,2000,115,28,2,French,USA
79,Movie_79,1995,115,47,10,Korean,France
80,Movie_80,2024,105,15,2,Spanish,UK
81,Movie_81,1997,122,6,16,Hindi,UK
82,Movie_82,2003,106,44,16,French,India
83,Movie_83,2005,148,20,19,English,USA
84,Movie_84,2004,99,50,7,Hindi,France
85,Movie_85,2024,90,14,12,English,USA
86,Movie_86,2020,153,2,15,Hindi,Korea
87,Movie_87,2008,117,9,8,Hindi,USA
88,Movie_88,1994,85,37,6,Korean,USA
89,Movie_89,2024,151,20,10,French,UK
90,Movie_90,1980,102,26,3,French,France
91,Movie_91,2004,126,29,19,Hindi,USA
92,Movie_92,1986,169,1,17,Spanish,UK
93,Movie_93,1988,125,35,7,Spanish,India
94,Movie_94,2003,91,6,20,English,UK
95,Movie_95,1980,169,37,4,English,UK
96,Movie_96,2023,92,5,14,Korean,UK
97,Movie_97,1987,141,33,20,Hindi,USA
98,Movie_98,2003,161,49,15,English,USA
99,Movie_99,1990,168,14,8,English,India
100,Movie_100,1996,176,12,15,Hindi,Korea
101,Movie_101,1987,139,42,20,Korean,Korea
102,Movie_102,2014,122,20,14,English,Korea
103,Movie_103,2014,155,50,9,Korean,India
104,Movie_104,2012,179,24,8,French,Korea
105,Movie_105,1984,147,43,17,Korean,Korea
106,Movie_106,2021,84,34,2,Spanish,UK
107,Movie_107,2018,116,25,3,Spanish,USA
108,Movie_108,2020,151,50,8,Korean,USA
109,Movie_109,2007,171,29,12,Spanish,UK
110,Movie_110,1986,110,39,1,French,UK
111,Movie_111,1988,88,31,10,Hindi,UK
112,Movie_112,1987,130,47,20,Spanish,USA
113,Movie_113,1991,108,43,3,Spanish,Korea
114,Movie_114,2013,157,50,6,Korean,UK
115,Movie_115,2012,119,23,7,French,India
116,Movie_116,2002,120,44,20,Hindi,UK
117,Movie_117,2003,165,38,18,Korean,France
118,Movie_118,2016,90,20,11,Korean,UK
119,Movie_119,2014,102,23,19,French,USA
120,Movie_120,2023,80,45,5,Hindi,UK
121,Movie_121,2019,125,16,19,French,France
122,Movie_122,2001,100,50,11,Hindi,India
123,Movie_123,2006,169,42,12,French,Korea
124,Movie_124,2014,115,8,10,Korean,UK
125,Movie_125,1980,133,50,8,Korean,France
126,Movie_126,2014,166,21,9,English,France
127,Movie_127,2016,136,1,4,Spanish,India
128,Movie_128,1993,80,8,5,French,USA
129,Movie_129,1982,142,29,8,English,UK
130,Movie_130,1980,133,32,9,Spanish,France
131,Movie_131,1984,134,38,15,French,India
132,Movie_132,2005,119,5,15,Hindi,Korea
133,Movie_133,1993,94,47,16,Spanish,France
134,Movie_134,2018,100,22,14,Korean,India
135,Movie_135,2006,126,47,8,English,USA
136,Movie_136,1988,152,34,18,Spanish,USA
137,Movie_137,1994,132,1,10,Spanish,France
138,Movie_138,1994,88,26,20,Korean,France
139,Movie_139,2005,153,43,6,French,UK
140,Movie_140,2021,131,10,12,Hindi,India
141,Movie_141,1992,136,30,2,Korean,France
142,Movie_142,2011,105,50,7,Hindi,UK
143,Movie_143,2018,120,18,16,French,UK
144,Movie_144,2011,114,17,3,Spanish,France
145,Movie_145,1983,142,26,13,Hindi,USA
146,Movie_146,2009,104,8,3,English,India
147,Movie_147,2016,169,47,18,English,India
148,Movie_148,2002,154,40,11,Korean,USA
149,Movie_149,2018,117,49,8,French,France
150,Movie_150,2024,81,12,6,Korean,India
151,Movie_151,1994,86,27,1,Korean,France
152,Movie_152,2022,161,8,1,Korean,France
153,Movie_153,2008,170,25,8,English,UK
154,Movie_154,2015,113,46,5,English,USA
155,Movie_155,1992,170,4,16,Korean,France
156,Movie_156,2011,96,33,11,English,Korea
157,Movie_157,1986,122,1,5,French,USA
158,Movie_158,2001,138,19,4,Korean,India
159,Movie_159,2007,130,31,6,English,UK
160,Movie_160,1981,133,16,14,Hindi,India
161,Movie_161,2021,103,14,19,Korean,India
162,Movie_162,2024,104,48,9,Korean,USA
163,Movie_163,1985,150,5,12,French,India
164,Movie_164,2007,131,41,11,Spanish,France
165,Movie_165,2007,149,26,14,Spanish,India
166,Movie_166,2023,167,28,16,French,UK
167,Movie_167,2023,112,2,1,French,UK
168,Movie_168,1999,128,50,13,French,Korea
169,Movie_169,2009,108,6,13,Spanish,UK
170,Movie_170,1990,142,9,2,French,India
171,Movie_171,2007,101,33,4,English,UK
172,Movie_172,2004,105,41,6,Korean,USA
173,Movie_173,2018,107,25,5,Korean,UK
174,Movie_174,2012,164,48,3,Hindi,France
175,Movie_175,1980,128,13,1,Hindi,USA
176,Movie_176,2006,150,9,4,Korean,Korea
177,Movie_177,1992,160,13,20,English,France
178,Movie_178,2020,163,31,2,Spanish,India
179,Movie_179,1982,128,41,5,Spanish,India
180,Movie_180,2018,99,11,3,English,India
181,Movie_181,1985,165,4,9,Spanish,France
182,Movie_182,1987,171,34,20,French,France
183,Movie_183,2006,142,38,6,Korean,France
184,Movie_184,1988,140,46,18,Korean,USA
185,Movie_185,2016,128,4,6,English,USA
186,Movie_186,2012,150,38,19,Spanish,India
187,Movie_187,2021,80,19,12,Hindi,UK
188,Movie_188,2023,175,6,11,Hindi,India
189,Movie_189,2003,92,34,2,Spanish,Korea
190,Movie_190,1994,173,18,15,Hindi,USA
191,Movie_191,2011,166,13,12,English,France
192,Movie_192,2011,130,41,12,English,USA
193,Movie_193,2003,135,23,9,Spanish,France
194,Movie_194,2020,162,19,2,Hindi,Korea
195,Movie_195,1991,141,45,3,English,Korea
196,Movie_196,2018,111,11,12,English,USA
197,Movie_197,1981,109,1,16,French,France
198,Movie_198,1982,108,24,1,French,Korea
199,Movie_199,2016,128,7,3,English,India
200,Movie_200,1996,124,25,20,Spanish,India
201,Movie_201,1981,172,21,2,Korean,France
202,Movie_202,1981,109,15,9,Korean,USA
203,Movie_203,2007,95,1,19,English,Korea
204,Movie_204,2002,119,12,15,English,USA
205,Movie_205,2016,98,7,18,English,India
206,Movie_206,2011,97,15,11,Spanish,Korea
207,Movie_207,2012,80,21,16,French,USA
208,Movie_208,1980,157,19,17,English,UK
209,Movie_209,1998,126,29,5,English,France
210,Movie_210,1981,145,25,12,Hindi,France
211,Movie_211,2023,171,33,11,Spanish,UK
212,Movie_212,2005,173,49,15,English,India
213,Movie_213,2011,117,32,3,Hindi,Korea
214,Movie_214,1985,130,49,1,Korean,France
215,Movie_215,2011,142,35,20,English,UK
216,Movie_216,1983,83,44,16,English,UK
217,Movie_217,1990,80,38,2,Hindi,India
218,Movie_218,1996,87,26,2,Spanish,India
219,Movie_219,2017,108,11,3,English,USA
220,Movie_220,2003,134,35,8,Korean,France
221,Movie_221,1984,82,8,15,English,USA
222,Movie_222,2013,111,46,7,Korean,UK
223,Movie_223,1985,89,14,6,French,Korea
224,Movie_224,2001,153,10,9,French,Korea
225,Movie_225,1990,162,2,20,Korean,India
226,Movie_226,1995,113,46,1,Spanish,Korea
227,Movie_227,2012,176,9,8,English,Korea
228,Movie_228,1988,166,3,3,English,Korea
229,Movie_229,1985,134,21,4,French,UK
230,Movie_230,1995,171,26,15,Korean,Korea
231,Movie_231,2008,111,8,6,English,Korea
232,Movie_232,1982,129,48,15,English,Korea
233,Movie_233,1999,86,2,3,Spanish,USA
234,Movie_234,2015,172,6,14,Hindi,UK
235,Movie_235,1998,87,28,20,French,India
236,Movie_236,2005,144,29,14,French,USA
237,Movie_237,1982,136,26,4,Hindi,France
238,Movie_238,1998,146,25,12,English,UK
239,Movie_239,1999,167,12,17,Spanish,UK
240,Movie_240,2011,166,5,7,Spanish,France
241,Movie_241,1986,138,34,9,French,France
242,Movie_242,2020,151,48,3,Spanish,France
243,Movie_243,2012,133,37,13,Hindi,India
244,Movie_244,2019,146,15,15,English,Korea
245,Movie_245,2018,130,44,18,Hindi,UK
246,Movie_246,1997,176,36,19,Korean,Korea
247,Movie_247,2019,171,15,1,French,Korea
248,Movie_248,1980,87,43,6,Spanish,France
249,Movie_249,1990,113,48,2,Korean,India
250,Movie_250,2007,114,23,14,Spanish,USA
251,Movie_251,2004,175,6,6,English,India
252,Movie_252,2002,167,46,14,English,Korea
253,Movie_253,2010,157,50,4,English,India
254,Movie_254,2009,111,44,8,Spanish,France
255,Movie_255,2021,125,43,3,Korean,USA
256,Movie_256,2014,95,45,19,English,France
257,Movie_257,1986,147,21,14,Korean,USA
258,Movie_258,1995,116,23,20,Spanish,Korea
259,Movie_259,2005,133,43,17,Korean,USA
260,Movie_260,1981,164,16,8,Spanish,USA
261,Movie_261,1980,93,47,14,Spanish,USA
262,Movie_262,1991,174,15,6,French,India
263,Movie_263,1984,134,25,16,Spanish,India
264,Movie_264,2016,127,36,19,Spanish,Korea
265,Movie_265,2011,161,11,14,Hindi,USA
266,Movie_266,1988,86,15,19,English,UK
267,Movie_267,2020,153,4,3,French,Korea
268,Movie_268,2014,86,21,10,French,USA
269,Movie_269,1998,112,13,19,French,USA
270,Movie_270,1995,102,22,9,Hindi,India
271,Movie_271,1982,164,19,20,Spanish,Korea
272,Movie_272,1999,98,34,13,English,USA
273,Movie_273,2003,98,14,7,Korean,USA
274,Movie_274,2012,115,4,14,Spanish,Korea
275,Movie_275,2003,108,48,9,Hindi,UK
276,Movie_276,1990,139,46,19,Spanish,Korea
277,Movie_277,1987,161,27,15,Spanish,Korea
278,Movie_278,2015,81,29,20,Hindi,UK
279,Movie_279,2017,80,47,14,French,Korea
280,Movie_280,2019,126,28,6,French,USA
281,Movie_281,1999,148,35,4,English,Korea
282,Movie_282,2014,99,8,8,English,UK
283,Movie_283,2004,90,16,17,French,France
284,Movie_284,2014,81,42,9,Korean,Korea
285,Movie_285,2004,146,36,1,Spanish,India
286,Movie_286,2008,166,30,20,Korean,USA
287,Movie_287,1997,91,18,14,Spanish,USA
288,Movie_288,1997,99,2,11,French,India
289,Movie_289,1981,84,49,3,English,India
290,Movie_290,2014,116,13,9,English,Korea
291,Movie_291,1995,117,4,14,Korean,India
292,Movie_292,2020,173,26,9,English,France
293,Movie_293,2015,88,25,4,French,UK
294,Movie_294,2012,177,30,4,Korean,India
295,Movie_295,1983,132,11,8,Spanish,India
296,Movie_296,2012,123,7,2,English,France
297,Movie_297,1993,178,31,9,Hindi,USA
298,Movie_298,2000,165,44,14,English,USA
299,Movie_299,1999,103,10,9,Spanish,Korea
300,Movie_300,1987,160,39,16,Korean,France
301,Movie_301,1986,153,13,17,Spanish,UK
302,Movie_302,1982,109,31,16,Hindi,UK
303,Movie_303,1996,138,7,12,French,France
304,Movie_304,2012,166,49,3,English,UK
305,Movie_305,1991,175,42,11,Korean,USA
306,Movie_306,2001,160,42,14,French,UK
307,Movie_307,2001,160,36,18,Spanish,UK
308,Movie_308,2009,93,20,5,Korean,France
309,Movie_309,2017,88,4,16,French,France
310,Movie_310,2017,119,7,20,Korean,UK
311,Movie_311,2024,145,1,5,Hindi,India
312,Movie_312,1987,104,44,3,Hindi,France
313,Movie_313,2006,152,45,12,English,Korea
314,Movie_314,2006,101,42,1,English,Korea
315,Movie_315,2013,83,47,9,Hindi,USA
316,Movie_316,2000,105,13,9,Korean,UK
317,Movie_317,2009,137,22,4,Hindi,India
318,Movie_318,2012,108,21,3,English,USA
319,Movie_319,2007,177,22,17,Hindi,UK
320,Movie_320,2012,166,28,2,Hindi,France
321,Movie_321,1984,116,9,1,Korean,Korea
322,Movie_322,1998,154,26,8,French,India
323,Movie_323,1983,149,9,13,English,Korea
324,Movie_324,2014,97,15,15,Korean,France
325,Movie_325,1996,164,10,8,Hindi,UK
326,Movie_326,2023,121,24,12,Hindi,France
327,Movie_327,2007,179,42,12,French,France
328,Movie_328,2009,120,8,14,English,Korea
329,Movie_329,2008,117,24,15,English,India
330,Movie_330,1985,113,16,15,Spanish,France
331,Movie_331,2014,96,49,9,English,Korea
332,Movie_332,2020,116,26,19,French,India
333,Movie_333,2016,104,27,20,Spanish,UK
334,Movie_334,2003,155,37,8,Spanish,UK
335,Movie_335,2008,166,4,19,Hindi,USA
336,Movie_336,2010,165,50,6,Hindi,Korea
337,Movie_337,2014,164,24,20,English,India
338,Movie_338,2012,106,19,19,Spanish,France
339,Movie_339,2000,136,36,4,Hindi,UK
340,Movie_340,2011,110,39,7,French,India
341,Movie_341,2002,85,10,4,Hindi,Korea
342,Movie_342,2012,170,25,12,Hindi,USA
343,Movie_343,1982,119,18,13,Spanish,UK
344,Movie_344,1997,177,19,3,Spanish,India
345,Movie_345,2004,91,36,12,Korean,India
346,Movie_346,2021,132,10,2,French,India
347,Movie_347,2010,150,33,2,Spanish,Korea
348,Movie_348,1982,89,50,9,English,Korea
349,Movie_349,2019,124,5,1,French,Korea
350,Movie_350,2003,96,47,8,French,France
351,Movie_351,2011,105,49,6,Spanish,India
352,Movie_352,2001,164,35,6,French,UK
353,Movie_353,2002,171,44,18,Spanish,Korea
354,Movie_354,1981,141,34,17,Hindi,Korea
355,Movie_355,2006,125,33,12,Korean,India
356,Movie_356,2021,143,21,6,Hindi,Korea
357,Movie_357,1981,81,17,8,Spanish,France
358,Movie_358,2005,133,22,19,Spanish,France
359,Movie_359,1996,144,48,10,Hindi,Korea
360,Movie_360,2019,130,37,1,English,India
361,Movie_361,2012,132,15,13,English,India
362,Movie_362,1988,115,35,17,English,India
363,Movie_363,2022,105,28,3,Spanish,USA
364,Movie_364,2018,108,7,8,French,Korea
365,Movie_365,2008,100,32,14,Spanish,India
366,Movie_366,2021,90,11,3,French,France
367,Movie_367,2005,119,10,16,Hindi,UK
368,Movie_368,2014,90,9,13,Korean,UK
369,Movie_369,2004,115,14,20,French,India
370,Movie_370,2003,138,13,17,English,UK
371,Movie_371,1992,118,25,13,Spanish,UK
372,Movie_372,1986,178,2,6,Hindi,USA
373,Movie_373,2015,133,35,17,English,France
374,Movie_374,2024,177,7,14,Hindi,France
375,Movie_375,1999,134,21,17,Korean,USA
376,Movie_376,1980,103,18,8,Spanish,USA
377,Movie_377,1987,101,3,11,Spanish,UK
378,Movie_378,1995,148,42,20,Korean,Korea
379,Movie_379,1993,135,39,1,Spanish,UK
380,Movie_380,1991,112,41,7,French,USA
381,Movie_381,2002,115,49,17,Hindi,France
382,Movie_382,1994,99,11,10,English,UK
383,Movie_383,2007,162,39,11,Korean,Korea
384,Movie_384,2013,178,24,9,French,UK
385,Movie_385,1981,160,46,9,English,India
386,Movie_386,2011,141,19,5,English,UK
387,Movie_387,2002,177,4,17,Korean,USA
388,Movie_388,2001,152,26,9,French,France
389,Movie_389,2004,105,38,17,English,France
390,Movie_390,2001,145,42,19,English,USA
391,Movie_391,2001,152,32,7,French,India
392,Movie_392,2021,152,39,9,Spanish,USA
393,Movie_393,1985,119,45,7,English,UK
394,Movie_394,1994,96,46,13,Hindi,USA
395,Movie_395,2022,80,36,11,French,USA
396,Movie_396,2016,168,40,14,English,India
397,Movie_397,2012,140,37,19,Korean,UK
398,Movie_398,1987,122,33,11,Hindi,Korea
399,Movie_399,2023,121,36,13,English,Korea
400,Movie_400,2023,104,3,14,Hindi,France
401,Movie_401,1984,118,9,13,Hindi,USA
402,Movie_402,2018,114,8,1,Spanish,France
403,Movie_403,1983,82,33,8,Hindi,India
404,Movie_404,1985,123,6,12,Spanish,Korea
405,Movie_405,2024,130,41,19,French,USA
406,Movie_406,2011,173,39,12,Spanish,India
407,Movie_407,2009,177,4,8,Korean,India
408,Movie_408,2014,91,13,8,English,USA
409,Movie_409,2019,98,49,13,French,India
410,Movie_410,1995,123,2,12,French,USA
411,Movie_411,1992,138,5,16,Korean,USA
412,Movie_412,2021,128,44,1,Spanish,UK
413,Movie_413,2009,140,27,13,English,France
414,Movie_414,1998,96,32,7,Spanish,India
415,Movie_415,1996,153,21,5,Hindi,India
416,Movie_416,1998,136,8,8,Spanish,UK
417,Movie_417,2007,134,38,14,French,UK
418,Movie_418,2005,126,8,13,English,UK
419,Movie_419,2016,91,50,15,Spanish,Korea
420,Movie_420,2005,141,3,17,English,Korea
421,Movie_421,2002,159,44,15,English,Korea
422,Movie_422,1988,167,3,20,Hindi,USA
423,Movie_423,1991,162,22,18,Hindi,India
424,Movie_424,1980,87,6,18,French,France
425,Movie_425,1980,174,2,2,Korean,USA
426,Movie_426,2013,100,23,4,English,India
427,Movie_427,2011,160,44,1,Korean,India
428,Movie_428,2004,166,2,4,French,UK
429,Movie_429,2019,159,38,18,English,UK
430,Movie_430,2024,149,17,5,English,USA
431,Movie_431,1980,151,35,19,Korean,UK
432,Movie_432,1995,104,34,15,Spanish,India
433,Movie_433,2018,161,23,8,Hindi,UK
434,Movie_434,1984,168,30,20,Spanish,Korea
435,Movie_435,2001,91,8,17,Korean,UK
436,Movie_436,2008,94,22,1,Hindi,India
437,Movie_437,1982,138,44,12,Spanish,USA
438,Movie_438,1991,105,36,19,Hindi,France
439,Movie_439,2005,105,5,15,English,UK
440,Movie_440,1995,126,13,9,Spanish,India
441,Movie_441,2016,111,29,7,Hindi,France
442,Movie_442,2001,89,31,2,Hindi,France
443,Movie_443,2008,95,47,9,Hindi,Korea
444,Movie_444,1993,150,16,10,Spanish,France
445,Movie_445,2007,96,42,2,French,India
446,Movie_446,1984,102,30,19,Spanish,India
447,Movie_447,2009,105,16,11,Korean,UK
448,Movie_448,1984,164,12,13,Spanish,UK
449,Movie_449,1991,165,17,10,Hindi,UK
450,Movie_450,1995,86,16,14,English,France
451,Movie_451,2005,93,12,18,Spanish,France
452,Movie_452,2005,158,8,19,Spanish,Korea
453,Movie_453,2000,86,20,9,Hindi,UK
454,Movie_454,2018,88,3,7,English,USA
455,Movie_455,2015,127,16,3,English,Korea
456,Movie_456,2012,151,30,20,Korean,USA
457,Movie_457,2009,138,45,6,Spanish,France
458,Movie_458,2016,166,23,2,English,Korea
459,Movie_459,2002,172,28,6,English,Korea
460,Movie_460,1989,161,40,3,French,India
461,Movie_461,1984,174,5,16,French,France
462,Movie_462,2015,173,20,8,English,France
463,Movie_463,2013,118,40,2,Korean,Korea
464,Movie_464,2010,178,44,17,English,France
465,Movie_465,1989,97,1,9,Hindi,Korea
466,Movie_466,1998,138,30,12,Spanish,India
467,Movie_467,2011,96,21,3,Korean,Korea
468,Movie_468,1980,93,20,11,Hindi,France
469,Movie_469,1984,110,6,1,Korean,France
470,Movie_470,2024,103,22,13,Hindi,Korea
471,Movie_471,1983,178,18,15,Spanish,Korea
472,Movie_472,1995,139,8,5,Spanish,Korea
473,Movie_473,2003,124,39,17,French,UK
474,Movie_474,1995,177,32,6,Hindi,France
475,Movie_475,1981,82,33,11,French,France
476,Movie_476,2007,116,16,18,Hindi,UK
477,Movie_477,2011,122,12,4,French,Korea
478,Movie_478,2006,119,38,3,Spanish,India
479,Movie_479,1999,169,34,13,Korean,Korea
480,Movie_480,2003,134,14,9,French,Korea
481,Movie_481,1991,166,36,6,Hindi,UK
482,Movie_482,2014,118,33,12,Hindi,France
483,Movie_483,2012,94,23,2,Spanish,Korea
484,Movie_484,2012,83,50,3,Hindi,France
485,Movie_485,2022,172,45,3,English,USA
486,Movie_486,2016,165,2,12,Korean,France
487,Movie_487,1991,104,41,15,French,India
488,Movie_488,1982,92,21,9,Korean,India
489,Movie_489,1980,161,2,8,Spanish,Korea
490,Movie_490,2012,112,27,11,French,France
491,Movie_491,2019,95,9,16,French,Korea
492,Movie_492,1989,121,1,4,English,UK
493,Movie_493,2022,145,11,1,Spanish,India
494,Movie_494,2023,134,3,7,Hindi,Korea
495,Movie_495,2008,178,23,2,English,UK
496,Movie_496,1992,121,26,5,English,Korea
497,Movie_497,1991,113,4,7,Korean,France
498,Movie_498,2010,109,18,4,Korean,France
499,Movie_499,1981,92,6,5,Korean,France
500,Movie_500,2014,92,35,1,English,France
501,Movie_501,2002,97,22,1,Hindi,USA
502,Movie_502,1996,111,43,15,French,UK
503,Movie_503,2005,175,15,20,Korean,UK
504,Movie_504,1987,178,22,19,Hindi,France
505,Movie_505,2008,118,37,10,Spanish,USA
506,Movie_506,2005,125,42,18,Korean,France
507,Movie_507,1989,108,12,3,French,USA
508,Movie_508,2005,141,47,11,Spanish,France
509,Movie_509,2013,172,49,15,Spanish,India
510,Movie_510,2020,141,42,11,French,India
511,Movie_511,1986,136,38,17,Korean,Korea
512,Movie_512,1983,95,18,17,English,France
513,Movie_513,2024,135,45,6,French,UK
514,Movie_514,1990,89,35,5,French,Korea
515,Movie_515,2008,109,30,8,French,India
516,Movie_516,2015,104,24,2,Spanish,France
517,Movie_517,2004,163,42,16,Hindi,Korea
518,Movie_518,2000,84,30,20,English,France
519,Movie_519,2015,144,14,12,Korean,India
520,Movie_520,1989,173,6,6,Korean,Korea
521,Movie_521,2016,128,3,1,Hindi,India
522,Movie_522,1988,82,16,4,French,USA
523,Movie_523,2003,124,7,17,English,India
524,Movie_524,2014,93,14,13,Korean,France
525,Movie_525,2014,109,9,18,Korean,UK
526,Movie_526,2015,147,15,5,French,India
527,Movie_527,1997,97,21,3,Hindi,UK
528,Movie_528,2018,141,35,11,English,USA
529,Movie_529,2011,116,2,13,Hindi,Korea
530,Movie_530,2003,104,27,4,Hindi,Korea
531,Movie_531,2002,127,2,14,English,UK
532,Movie_532,2011,144,35,11,English,Korea
533,Movie_533,2016,132,18,10,Korean,India
534,Movie_534,1991,158,14,19,Korean,UK
535,Movie_535,1992,152,20,18,English,France
536,Movie_536,2002,94,18,6,Spanish,India
537,Movie_537,2004,128,10,15,Korean,India
538,Movie_538,2014,167,25,10,Spanish,India
539,Movie_539,2020,147,2,5,English,France
540,Movie_540,2009,91,25,5,Korean,USA
541,Movie_541,1996,138,33,10,Hindi,Korea
542,Movie_542,1999,116,36,5,English,UK
543,Movie_543,2004,140,31,3,French,USA
544,Movie_544,2001,122,14,6,Spanish,UK
545,Movie_545,1992,149,1,4,English,Korea
546,Movie_546,1998,118,46,18,English,France
547,Movie_547,2015,135,16,9,Korean,India
548,Movie_548,1991,142,46,17,Korean,India
549,Movie_549,2020,125,3,13,Korean,France
550,Movie_550,1998,167,35,15,French,USA
551,Movie_551,1991,90,41,20,Korean,USA
552,Movie_552,1988,141,6,17,English,UK
553,Movie_553,1986,156,25,13,Korean,France
554,Movie_554,2007,177,13,16,Hindi,USA
555,Movie_555,1993,104,34,4,Korean,France
556,Movie_556,2010,150,8,5,French,Korea
557,Movie_557,1998,131,21,5,Hindi,India
558,Movie_558,1995,83,34,9,English,India
559,Movie_559,1984,138,4,17,English,India
560,Movie_560,2014,151,25,13,Spanish,France
561,Movie_561,1991,99,15,2,Hindi,France
562,Movie_562,2004,172,4,13,Spanish,UK
563,Movie_563,2000,142,45,19,Hindi,India
564,Movie_564,2015,133,12,3,Hindi,UK
565,Movie_565,2002,153,32,10,French,India
566,Movie_566,1995,177,32,2,Spanish,UK
567,Movie_567,2018,136,28,13,French,UK
568,Movie_568,2024,169,13,19,Hindi,Korea
569,Movie_569,2021,120,31,17,English,UK
570,Movie_570,2018,82,14,14,Hindi,France
571,Movie_571,1993,85,20,12,French,UK
572,Movie_572,2010,84,18,12,Spanish,India
573,Movie_573,1984,84,29,11,Spanish,UK
574,Movie_574,2014,133,6,7,French,USA
575,Movie_575,2002,126,32,4,Spanish,India
576,Movie_576,2008,166,29,19,Korean,USA
577,Movie_577,2022,128,43,1,English,India
578,Movie_578,1990,88,2,3,English,France
579,Movie_579,1997,178,23,13,English,France
580,Movie_580,1991,99,19,15,Spanish,France
581,Movie_581,1988,140,31,2,Spanish,USA
582,Movie_582,1989,114,5,11,Hindi,Korea
583,Movie_583,2023,129,19,4,Hindi,India
584,Movie_584,1996,161,34,19,English,France
585,Movie_585,2017,141,10,17,Korean,India
586,Movie_586,1986,96,25,3,Hindi,USA
587,Movie_587,1992,167,2,18,Hindi,Korea
588,Movie_588,2019,82,11,8,Spanish,USA
589,Movie_589,2021,111,50,19,Korean,India
590,Movie_590,1988,178,31,5,English,Korea
591,Movie_591,2006,92,15,7,Hindi,Korea
592,Movie_592,1981,168,9,8,Korean,USA
593,Movie_593,1984,152,23,5,Korean,France
594,Movie_594,2008,147,19,17,English,India
595,Movie_595,2016,93,9,5,Korean,UK
596,Movie_596,2017,177,35,4,Korean,UK
597,Movie_597,1998,90,21,19,Korean,USA
598,Movie_598,1987,135,9,2,Hindi,India
599,Movie_599,2024,146,28,11,English,India
600,Movie_600,1980,171,46,13,Korean,USA
601,Movie_601,2001,108,7,15,Korean,India
602,Movie_602,1996,88,16,12,Hindi,France
603,Movie_603,1986,146,16,11,English,USA
604,Movie_604,2004,104,33,7,Spanish,France
605,Movie_605,2024,177,4,5,Hindi,India
606,Movie_606,1983,155,4,17,English,USA
607,Movie_607,2015,121,39,20,Korean,India
608,Movie_608,1985,88,40,9,English,USA
609,Movie_609,2010,158,17,14,English,India
610,Movie_610,1998,119,37,12,English,France
611,Movie_611,2023,104,39,6,Spanish,France
612,Movie_612,2018,84,29,17,English,India
613,Movie_613,2006,90,36,19,Spanish,USA
614,Movie_614,1989,138,38,19,Korean,UK
615,Movie_615,2005,177,39,16,Spanish,France
616,Movie_616,1998,167,50,12,Korean,France
617,Movie_617,2018,158,37,12,Korean,UK
618,Movie_618,1982,117,35,20,Spanish,India
619,Movie_619,2024,151,7,6,Hindi,USA
620,Movie_620,1992,84,27,4,French,India
621,Movie_621,2007,127,28,6,English,Korea
622,Movie_622,1999,169,22,11,French,France
623,Movie_623,2007,97,14,1,English,Korea
624,Movie_624,1987,149,7,15,English,France
625,Movie_625,2020,116,37,11,Korean,France
626,Movie_626,2018,139,22,19,English,Korea
627,Movie_627,1980,127,5,18,English,Korea
628,Movie_628,1982,156,2,17,Spanish,India
629,Movie_629,1992,107,27,19,French,Korea
630,Movie_630,2007,148,21,14,Spanish,India
631,Movie_631,2004,156,38,18,English,India
632,Movie_632,2012,160,15,19,Korean,India
633,Movie_633,2017,119,21,15,Spanish,France
634,Movie_634,1985,124,10,15,Spanish,France
635,Movie_635,2023,175,23,4,Hindi,Korea
636,Movie_636,2024,141,39,7,English,France
637,Movie_637,2011,172,5,13,Korean,Korea
638,Movie_638,2024,137,1,3,Spanish,France
639,Movie_639,2000,146,13,16,Spanish,USA
640,Movie_640,1995,135,21,9,Korean,USA
641,Movie_641,2000,119,26,8,English,Korea
642,Movie_642,1990,177,50,20,Hindi,France
643,Movie_643,2016,119,45,13,Spanish,France
644,Movie_644,2015,170,21,17,Hindi,India
645,Movie_645,2014,156,18,17,French,UK
646,Movie_646,1998,112,37,17,English,Korea
647,Movie_647,1999,85,45,1,French,UK
648,Movie_648,1997,167,32,8,French,UK
649,Movie_649,2020,98,36,19,French,Korea
650,Movie_650,1993,159,17,6,English,France
651,Movie_651,1994,119,35,3,English,Korea
652,Movie_652,2010,171,49,5,Korean,UK
653,Movie_653,1980,176,11,13,Hindi,France
654,Movie_654,1982,138,21,15,Hindi,USA
655,Movie_655,1995,138,26,14,Korean,Korea
656,Movie_656,2002,127,4,16,Korean,Korea
657,Movie_657,1990,120,34,18,French,France
658,Movie_658,1991,92,48,11,Korean,USA
659,Movie_659,1989,124,18,3,Spanish,USA
660,Movie_660,2011,168,40,10,Hindi,France
661,Movie_661,1995,132,35,10,Korean,India
662,Movie_662,1987,121,41,16,Spanish,Korea
663,Movie_663,2017,179,29,12,Spanish,Korea
664,Movie_664,1991,142,29,2,Spanish,UK
665,Movie_665,2003,106,38,9,Spanish,France
666,Movie_666,2007,117,42,3,French,UK
667,Movie_667,1987,139,21,15,Spanish,UK
668,Movie_668,2007,86,42,3,French,USA
669,Movie_669,2015,84,13,19,French,Korea
670,Movie_670,2005,124,49,18,Spanish,UK
671,Movie_671,1987,137,41,8,Hindi,USA
672,Movie_672,2007,110,17,17,Spanish,France
673,Movie_673,2007,102,9,8,Spanish,UK
674,Movie_674,2016,121,41,7,Spanish,Korea
675,Movie_675,2020,89,1,7,Hindi,UK
676,Movie_676,2015,111,2,3,English,France
677,Movie_677,2006,132,48,1,English,UK
678,Movie_678,1996,109,29,4,French,Korea
679,Movie_679,1988,118,33,5,French,USA
680,Movie_680,2012,110,10,1,Hindi,Korea
681,Movie_681,1999,161,50,15,Korean,USA
682,Movie_682,1992,179,40,5,English,India
683,Movie_683,2007,81,21,13,French,Korea
684,Movie_684,2008,157,28,8,English,Korea
685,Movie_685,1992,156,11,8,Hindi,France
686,Movie_686,2014,172,34,5,Hindi,UK
687,Movie_687,1985,91,8,9,Korean,USA
688,Movie_688,1997,118,22,1,Korean,USA
689,Movie_689,1984,145,8,4,Hindi,France
690,Movie_690,2004,175,49,3,French,France
691,Movie_691,1981,92,15,2,English,UK
692,Movie_692,1989,125,17,8,Spanish,UK
693,Movie_693,2009,106,23,9,Korean,Korea
694,Movie_694,2024,96,24,2,Spanish,India
695,Movie_695,1984,174,45,14,French,UK
696,Movie_696,2012,177,19,14,Korean,France
697,Movie_697,1980,139,5,4,Spanish,UK
698,Movie_698,1997,143,32,6,French,USA
699,Movie_699,2011,167,44,11,English,India
700,Movie_700,1990,114,1,3,French,Korea
701,Movie_701,2000,149,23,8,Korean,USA
702,Movie_702,2005,162,37,3,Hindi,USA
703,Movie_703,2004,109,8,14,English,India
704,Movie_704,2001,150,13,13,Spanish,Korea
705,Movie_705,2006,153,8,13,Korean,France
706,Movie_706,1992,175,23,2,Hindi,Korea
707,Movie_707,2012,177,43,13,French,UK
708,Movie_708,2013,142,1,19,Hindi,USA
709,Movie_709,2020,107,45,6,Korean,UK
710,Movie_710,2014,139,24,16,Korean,France
711,Movie_711,1980,158,35,2,Hindi,UK
712,Movie_712,2000,173,24,8,French,Korea
713,Movie_713,1985,116,17,17,Hindi,UK
714,Movie_714,2007,172,5,2,Korean,France
715,Movie_715,1996,101,20,10,Korean,France
716,Movie_716,1984,147,21,16,Spanish,France
717,Movie_717,2010,99,40,6,Spanish,Korea
718,Movie_718,1984,175,31,2,English,France
719,Movie_719,2017,179,46,2,Korean,USA
720,Movie_720,1982,147,36,13,Spanish,France
721,Movie_721,2002,170,11,15,Hindi,UK
722,Movie_722,2016,143,15,2,French,UK
723,Movie_723,2016,96,19,7,Hindi,UK
724,Movie_724,1989,91,7,3,French,Korea
725,Movie_725,1989,101,28,8,Spanish,UK
726,Movie_726,1998,96,43,14,English,Korea
727,Movie_727,1996,89,5,7,Hindi,Korea
728,Movie_728,2000,144,5,7,Hindi,France
729,Movie_729,1993,101,30,1,Hindi,USA
730,Movie_730,1988,169,32,17,French,France
731,Movie_731,1980,161,8,9,Spanish,France
732,Movie_732,2024,129,10,13,Hindi,Korea
733,Movie_733,1992,93,38,19,Hindi,Korea
734,Movie_734,1983,143,47,19,English,UK
735,Movie_735,1980,126,32,17,English,UK
736,Movie_736,2019,108,48,10,Spanish,France
737,Movie_737,2011,155,28,10,Spanish,India
738,Movie_738,2013,115,17,4,Korean,India
739,Movie_739,2007,178,31,8,English,UK
740,Movie_740,2010,131,8,20,Korean,India
741,Movie_741,1987,155,40,20,French,UK
742,Movie_742,2018,86,25,18,Korean,Korea
743,Movie_743,2005,108,9,14,Hindi,France
744,Movie_744,2013,90,2,18,Korean,USA
745,Movie_745,1982,112,15,14,Spanish,France
746,Movie_746,1991,85,50,20,French,UK
747,Movie_747,1980,158,3,15,Hindi,UK
748,Movie_748,2023,111,49,4,Korean,France
749,Movie_749,1984,130,36,13,French,UK
750,Movie_750,2009,154,4,8,French,India
751,Movie_751,2009,137,14,18,Hindi,India
752,Movie_752,1996,166,41,12,Korean,UK
753,Movie_753,2002,105,41,14,French,UK
754,Movie_754,1994,177,25,2,French,India
755,Movie_755,2016,125,50,18,English,UK
756,Movie_756,2000,177,10,2,French,UK
757,Movie_757,1993,108,21,11,English,France
758,Movie_758,1981,83,36,9,Korean,USA
759,Movie_759,1990,160,12,12,Korean,India
760,Movie_760,2018,178,27,17,Korean,France
761,Movie_761,2017,92,40,15,Spanish,USA
762,Movie_762,2013,118,2,17,Korean,UK
763,Movie_763,2017,94,13,18,French,UK
764,Movie_764,2013,108,32,6,Hindi,France
765,Movie_765,1997,108,31,17,English,UK
766,Movie_766,2009,154,16,18,Spanish,Korea
767,Movie_767,1994,111,32,8,Korean,France
768,Movie_768,2006,81,32,9,Korean,USA
769,Movie_769,2013,126,34,6,Hindi,France
770,Movie_770,2017,157,11,5,Hindi,India
771,Movie_771,2012,163,10,12,Spanish,France
772,Movie_772,2003,101,15,11,English,UK
773,Movie_773,1994,154,17,1,Korean,UK
774,Movie_774,2009,106,40,11,Spanish,Korea
775,Movie_775,2021,146,18,19,French,Korea
776,Movie_776,1996,160,9,9,French,Korea
777,Movie_777,1984,135,25,2,Spanish,USA
778,Movie_778,2008,171,40,12,Korean,Korea
779,Movie_779,1983,172,14,4,Spanish,USA
780,Movie_780,1989,100,25,4,Korean,Korea
781,Movie_781,1996,126,50,18,Hindi,USA
782,Movie_782,1989,159,22,15,Spanish,France
783,Movie_783,1996,138,30,19,Korean,France
784,Movie_784,1999,163,20,13,Spanish,UK
785,Movie_785,2003,85,21,19,Spanish,USA
786,Movie_786,1984,98,44,17,Korean,India
787,Movie_787,2013,136,32,6,Korean,UK
788,Movie_788,1985,148,46,16,English,France
789,Movie_789,1981,82,49,12,Spanish,USA
790,Movie_790,1992,80,21,19,French,Korea
791,Movie_791,2022,137,35,5,Spanish,India
792,Movie_792,2022,117,32,17,Spanish,France
793,Movie_793,1990,94,30,1,Korean,UK
794,Movie_794,2002,113,39,10,Spanish,USA
795,Movie_795,1995,140,49,15,Spanish,India
796,Movie_796,2010,114,12,11,French,USA
797,Movie_797,1990,143,41,13,Korean,Korea
798,Movie_798,1995,104,47,5,Spanish,UK
799,Movie_799,1987,103,18,1,Hindi,USA
800,Movie_800,1983,91,21,12,English,France
801,Movie_801,2019,97,13,11,French,UK
802,Movie_802,1983,94,21,17,Spanish,France
803,Movie_803,2004,159,8,4,Hindi,USA
804,Movie_804,1982,106,46,15,Spanish,UK
805,Movie_805,2011,151,40,9,Spanish,France
806,Movie_806,1982,139,46,20,Korean,Korea
807,Movie_807,2006,125,7,19,Korean,Korea
808,Movie_808,2008,168,23,19,Korean,USA
809,Movie_809,2011,96,44,12,Hindi,UK
810,Movie_810,1998,172,32,5,Spanish,India
811,Movie_811,2000,132,11,10,English,UK
812,Movie_812,1984,87,22,17,French,Korea
813,Movie_813,1997,158,22,5,Korean,France
814,Movie_814,2007,106,43,16,Korean,India
815,Movie_815,2021,125,25,7,Spanish,USA
816,Movie_816,2001,129,22,9,Spanish,India
817,Movie_817,2000,150,28,3,Hindi,USA
818,Movie_818,1985,82,29,15,Hindi,India
819,Movie_819,1980,172,13,16,Korean,USA
820,Movie_820,1984,143,18,18,Spanish,USA
821,Movie_821,2020,123,2,14,English,India
822,Movie_822,1991,132,29,3,French,India
823,Movie_823,2005,103,21,12,Spanish,USA
824,Movie_824,2013,139,15,9,Spanish,Korea
825,Movie_825,1993,82,27,7,Hindi,India
826,Movie_826,2005,99,50,9,French,UK
827,Movie_827,2024,125,31,13,Korean,France
828,Movie_828,2006,94,15,18,Spanish,USA
829,Movie_829,1988,104,23,5,Korean,USA
830,Movie_830,2005,173,24,13,Spanish,France
831,Movie_831,2001,157,44,4,Korean,Korea
832,Movie_832,2009,150,13,2,French,France
833,Movie_833,2022,96,22,16,Hindi,India
834,Movie_834,1996,163,43,9,French,France
835,Movie_835,2005,179,37,9,English,USA
836,Movie_836,2015,88,33,6,Hindi,France
837,Movie_837,1980,117,3,11,French,UK
838,Movie_838,1987,127,19,1,English,India
839,Movie_839,2014,139,23,4,Spanish,France
840,Movie_840,1994,142,29,13,Spanish,USA
841,Movie_841,2001,165,30,13,Korean,India
842,Movie_842,1993,81,39,13,Hindi,USA
843,Movie_843,2005,167,44,2,Spanish,Korea
844,Movie_844,2007,151,47,9,Hindi,UK
845,Movie_845,2002,90,25,8,Spanish,Korea
846,Movie_846,1993,143,37,7,Korean,UK
847,Movie_847,2003,156,47,4,French,France
848,Movie_848,1981,160,8,18,Korean,India
849,Movie_849,2024,151,42,3,English,France
850,Movie_850,2005,100,16,6,Spanish,UK
851,Movie_851,1993,97,8,12,English,UK
852,Movie_852,1986,173,1,12,English,UK
853,Movie_853,1982,143,44,8,Hindi,USA
854,Movie_854,2002,161,5,1,Spanish,India
855,Movie_855,2022,174,3,4,English,France
856,Movie_856,2024,117,1,11,French,France
857,Movie_857,1997,111,4,3,English,Korea
858,Movie_858,2017,90,40,13,French,UK
859,Movie_859,2014,124,35,17,Hindi,UK
860,Movie_860,1994,168,32,10,English,UK
861,Movie_861,2004,112,42,12,Korean,France
862,Movie_862,2016,120,34,15,Hindi,Korea
863,Movie_863,2007,87,43,10,French,USA
864,Movie_864,1989,90,25,14,Hindi,India
865,Movie_865,2018,165,10,13,English,USA
866,Movie_866,1996,130,21,5,Spanish,France
867,Movie_867,2018,167,46,6,Spanish,UK
868,Movie_868,2001,120,39,2,French,India
869,Movie_869,2005,96,27,17,French,France
870,Movie_870,2023,155,27,4,Spanish,France
871,Movie_871,2004,125,2,14,French,France
872,Movie_872,1996,111,41,10,Hindi,India
873,Movie_873,1992,158,48,3,Korean,India
874,Movie_874,1999,159,13,3,Korean,Korea
875,Movie_875,2004,133,9,15,Hindi,Korea
876,Movie_876,1983,165,36,6,Korean,USA
877,Movie_877,1989,171,22,17,English,India
878,Movie_878,1982,99,42,12,Hindi,India
879,Movie_879,2020,112,26,20,French,India
880,Movie_880,2024,153,12,11,Hindi,Korea
881,Movie_881,1997,119,17,4,Spanish,France
882,Movie_882,2015,111,14,6,French,UK
883,Movie_883,2001,176,14,1,Spanish,Korea
884,Movie_884,2013,81,34,20,French,India
885,Movie_885,1987,176,20,16,Korean,Korea
886,Movie_886,2019,112,11,15,Hindi,USA
887,Movie_887,2023,156,16,17,English,India
888,Movie_888,1998,109,31,8,French,USA
889,Movie_889,2021,112,6,12,French,India
890,Movie_890,2020,156,19,10,Spanish,Korea
891,Movie_891,2016,105,37,15,Korean,France
892,Movie_892,1985,101,4,9,Spanish,UK
893,Movie_893,2005,145,47,2,Spanish,USA
894,Movie_894,2013,117,4,5,Korean,Korea
895,Movie_895,2024,169,20,6,English,France
896,Movie_896,1985,125,10,7,Spanish,Korea
897,Movie_897,2016,94,24,1,Spanish,USA
898,Movie_898,2012,177,35,7,French,UK
899,Movie_899,2001,123,26,20,Korean,Korea
900,Movie_900,2000,128,37,12,Hindi,India
901,Movie_901,1985,154,38,16,English,France
902,Movie_902,1985,140,21,16,English,Korea
903,Movie_903,1983,146,40,11,Korean,France
904,Movie_904,2009,85,39,4,French,India
905,Movie_905,1990,88,21,13,French,UK
906,Movie_906,2009,85,10,7,Korean,UK
907,Movie_907,2010,152,38,4,French,India
908,Movie_908,2003,174,46,15,English,France
909,Movie_909,1988,111,4,19,English,Korea
910,Movie_910,1982,120,45,9,Hindi,India
911,Movie_911,2010,155,20,11,Korean,USA
912,Movie_912,2019,87,17,8,Spanish,France
913,Movie_913,2016,151,7,1,Spanish,UK
914,Movie_914,2015,129,4,8,Hindi,India
915,Movie_915,2003,171,29,13,Hindi,UK
916,Movie_916,2010,141,14,4,French,France
917,Movie_917,1985,163,3,8,Hindi,UK
918,Movie_918,1981,141,24,3,Hindi,India
919,Movie_919,1999,86,37,9,Spanish,France
920,Movie_920,2007,154,16,2,French,USA
921,Movie_921,1990,163,4,2,Hindi,India
922,Movie_922,1983,159,24,13,Hindi,Korea
923,Movie_923,1994,83,34,15,French,India
924,Movie_924,1985,85,30,12,Korean,France
925,Movie_925,2009,137,18,4,French,India
926,Movie_926,2017,101,19,8,Spanish,USA
927,Movie_927,1981,105,31,9,Korean,USA
928,Movie_928,1994,82,19,5,English,Korea
929,Movie_929,1990,120,49,20,French,UK
930,Movie_930,1987,139,46,18,Spanish,France
931,Movie_931,2005,93,19,11,Korean,France
932,Movie_932,2024,154,22,15,French,UK
933,Movie_933,2023,161,24,9,Hindi,USA
934,Movie_934,1984,91,45,17,French,USA
935,Movie_935,1985,166,12,12,English,India
936,Movie_936,2005,91,30,7,French,Korea
937,Movie_937,1983,92,38,10,Korean,Korea
938,Movie_938,1998,104,31,10,Korean,Korea
939,Movie_939,1999,124,36,13,French,India
940,Movie_940,2012,98,19,19,Korean,Korea
941,Movie_941,1999,134,48,11,Hindi,UK
942,Movie_942,1991,179,45,13,French,India
943,Movie_943,1980,124,36,8,Hindi,UK
944,Movie_944,2005,87,30,8,Hindi,India
945,Movie_945,1993,172,49,4,Spanish,Korea
946,Movie_946,2017,132,33,15,French,UK
947,Movie_947,2016,134,18,11,Korean,UK
948,Movie_948,1990,111,49,11,Hindi,UK
949,Movie_949,2015,130,28,1,Spanish,India
950,Movie_950,1992,123,47,17,French,France
951,Movie_951,2022,161,11,15,French,Korea
952,Movie_952,1982,149,45,20,English,UK
953,Movie_953,2012,97,33,6,English,France
954,Movie_954,1985,162,17,15,Hindi,Korea
955,Movie_955,1989,101,6,9,English,Korea
956,Movie_956,1984,116,4,14,Hindi,UK
957,Movie_957,2002,175,20,18,Korean,UK
958,Movie_958,1989,135,48,17,Hindi,India
959,Movie_959,2023,138,47,18,English,France
960,Movie_960,1981,82,27,5,Korean,France
961,Movie_961,1992,107,15,20,English,UK
962,Movie_962,2019,153,6,20,Hindi,Korea
963,Movie_963,1981,114,47,9,Spanish,UK
964,Movie_964,1999,140,14,11,French,Korea
965,Movie_965,1980,172,11,1,English,Korea
966,Movie_966,2016,133,39,18,Hindi,UK
967,Movie_967,1988,142,9,6,Korean,USA
968,Movie_968,1996,158,26,2,English,France
969,Movie_969,1988,176,16,15,English,Korea
970,Movie_970,1990,86,5,14,French,Korea
971,Movie_971,1994,155,10,5,Hindi,USA
972,Movie_972,2003,128,50,6,Spanish,India
973,Movie_973,2017,173,3,6,Korean,USA
974,Movie_974,2014,164,13,18,Hindi,USA
975,Movie_975,2009,110,43,14,Korean,Korea
976,Movie_976,2010,137,49,10,English,France
977,Movie_977,1984,140,30,14,French,USA
978,Movie_978,2023,103,45,13,French,India
979,Movie_979,1993,99,6,3,Spanish,UK
980,Movie_980,1990,116,17,6,French,USA
981,Movie_981,1988,83,45,8,English,USA
982,Movie_982,2013,171,19,12,Spanish,India
983,Movie_983,1991,99,42,13,Hindi,France
984,Movie_984,2014,139,35,11,French,USA
985,Movie_985,2014,103,46,12,Spanish,USA
986,Movie_986,1980,129,26,1,English,France
987,Movie_987,2019,128,5,17,Korean,India
988,Movie_988,2001,130,29,16,Korean,USA
989,Movie_989,2008,175,37,11,English,France
990,Movie_990,1987,115,20,13,English,USA
991,Movie_991,1990,177,49,18,Korean,UK
992,Movie_992,2020,179,21,11,Spanish,Korea
993,Movie_993,2016,145,10,12,Korean,UK
994,Movie_994,1993,158,5,6,English,USA
995,Movie_995,2009,113,36,9,French,India
996,Movie_996,2014,115,6,16,Hindi,Korea
997,Movie_997,2000,85,26,4,French,UK
998,Movie_998,2016,118,4,3,French,France
999,Movie_999,1984,121,39,16,English,India
1000,Movie_1000,1998,137,39,12,Korean,UK
