studio_id,studio_name,country,founded_year
1,Studio_1,UK,1953
2,Studio_2,USA,1989
3,Studio_3,Korea,1964
4,Studio_4,India,1977
5,Studio_5,France,1970
6,Studio_6,India,1953
7,Studio_7,France,1963
8,Studio_8,India,1934
9,Studio_9,France,1997
10,Studio_10,UK,1989
11,Studio_11,USA,1969
12,Studio_12,UK,1951
13,Studio_13,USA,1986
14,Studio_14,UK,1922
15,Studio_15,UK,2005
16,Studio_16,India,2005
17,Studio_17,Korea,1993
18,Studio_18,France,1970
19,Studio_19,France,1986
20,Studio_20,France,1995
21,Studio_21,USA,2012
22,Studio_22,France,1967
23,Studio_23,France,1936
24,Studio_24,India,1926
25,Studio_25,UK,1932
26,Studio_26,France,1985
27,Studio_27,Korea,1923
28,Studio_28,France,1929
29,Studio_29,USA,2007
30,Studio_30,USA,1936
31,Studio_31,USA,1971
32,Studio_32,France,1925
33,Studio_33,India,2002
34,Studio_34,Korea,1988
35,Studio_35,France,2015
36,Studio_36,India,1993
37,Studio_37,India,1928
38,Studio_38,France,2010
39,Studio_39,France,1996
40,Studio_40,India,2002
41,Studio_41,India,1940
42,Studio_42,India,1943
43,Studio_43,France,1923
44,Studio_44,India,1943
45,Studio_45,USA,1978
46,Studio_46,France,2018
47,Studio_47,USA,1922
48,Studio_48,UK,1987
49,Studio_49,France,1959
50,Studio_50,UK,1967
